id,unit_name,description,tags,active,created_at,updated_at,cnt,rank
1,000,Area 0,"",true,2019-01-09 04:42:10.881224 +00:00,2019-01-09 04:42:10.919043 +00:00,1,1
2,001,District 001,"",true,2019-01-09 04:42:10.881224 +00:00,2019-01-09 04:42:10.919043 +00:00,1,1
3,002,District 002,"",true,2019-01-09 04:42:10.881224 +00:00,2019-01-09 04:42:10.919043 +00:00,1,1
4,003,District 003,"",true,2019-01-09 04:42:10.881224 +00:00,2019-01-09 04:42:10.919043 +00:00,1,1
5,004,District 004,"",true,2019-01-09 04:42:10.881224 +00:00,2019-01-09 04:42:10.919043 +00:00,1,1
6,005,District 005,"",true,2019-01-09 04:42:10.881224 +00:00,2019-01-09 04:42:10.919043 +00:00,1,1
7,006,District 006,"",true,2019-01-09 04:42:10.881224 +00:00,2019-01-09 04:42:10.919043 +00:00,1,1
8,007,District 007,"",true,2019-01-09 04:42:10.881224 +00:00,2019-01-09 04:42:10.919043 +00:00,1,1
9,008,District 008,"",true,2019-01-09 04:42:10.881224 +00:00,2019-01-09 04:42:10.919043 +00:00,1,1
10,009,District 009,"",true,2019-01-09 04:42:10.881224 +00:00,2019-01-09 04:42:10.919043 +00:00,1,1
11,010,District 010,"",true,2019-01-09 04:42:10.881224 +00:00,2019-01-09 04:42:10.919043 +00:00,1,1
12,011,District 011,"",true,2019-01-09 04:42:10.881224 +00:00,2019-01-09 04:42:10.919043 +00:00,1,1
13,012,District 012,"",true,2019-01-09 04:42:10.881224 +00:00,2019-01-09 04:42:10.919043 +00:00,1,1
14,013,District 013,"",false,2019-01-09 04:42:10.881224 +00:00,2019-01-09 04:42:10.919043 +00:00,1,1
15,014,District 014,"",true,2019-01-09 04:42:10.881224 +00:00,2019-01-09 04:42:10.919043 +00:00,1,1
16,015,District 015,"",true,2019-01-09 04:42:10.881224 +00:00,2019-01-09 04:42:10.919043 +00:00,1,1
17,016,District 016,"",true,2019-01-09 04:42:10.881224 +00:00,2019-01-09 04:42:10.919043 +00:00,1,1
18,017,District 017,"",true,2019-01-09 04:42:10.881224 +00:00,2019-01-09 04:42:10.919043 +00:00,1,1
19,018,District 018,"",true,2019-01-09 04:42:10.881224 +00:00,2019-01-09 04:42:10.919043 +00:00,1,1
20,019,District 019,"",true,2019-01-09 04:42:10.881224 +00:00,2019-01-09 04:42:10.919043 +00:00,1,1
21,020,District 020,"",true,2019-01-09 04:42:10.881224 +00:00,2019-01-09 04:42:10.919043 +00:00,1,1
22,021,District 021,"",false,2019-01-09 04:42:10.881224 +00:00,2019-01-09 04:42:10.919043 +00:00,1,1
23,022,District 022,"",true,2019-01-09 04:42:10.881224 +00:00,2019-01-09 04:42:10.919043 +00:00,1,1
24,023,District 023,"",false,2019-01-09 04:42:10.881224 +00:00,2019-01-09 04:42:10.919043 +00:00,1,1
25,024,District 024,"",true,2019-01-09 04:42:10.881224 +00:00,2019-01-09 04:42:10.919043 +00:00,1,1
26,025,District 025,"",true,2019-01-09 04:42:10.881224 +00:00,2019-01-09 04:42:10.919043 +00:00,1,1
27,026,Executive Officers Unit,"",true,2019-01-09 04:42:10.881224 +00:00,2019-01-09 04:42:10.919043 +00:00,1,1
246,028,,"",,2019-01-09 04:42:10.881224 +00:00,2019-01-09 04:42:10.919043 +00:00,1,1
247,031,,"",,2019-01-09 04:42:10.881224 +00:00,2019-01-09 04:42:10.919043 +00:00,1,1
28,032,Caps Crt Advocacy,"",false,2019-01-09 04:42:10.881224 +00:00,2019-01-09 04:42:10.919043 +00:00,1,1
248,040,,"",,2019-01-09 04:42:10.881224 +00:00,2019-01-09 04:42:10.919043 +00:00,1,1
249,041,,"",,2019-01-09 04:42:10.881224 +00:00,2019-01-09 04:42:10.919043 +00:00,1,1
29,043,Communications C/G,"",false,2019-01-09 04:42:10.881224 +00:00,2019-01-09 04:42:10.919043 +00:00,1,1
30,044,Recruit Training Section,"",true,2019-01-09 04:42:10.881224 +00:00,2019-01-09 04:42:10.919043 +00:00,1,1
31,045,District Reinstatement Unit,"",true,2019-01-09 04:42:10.881224 +00:00,2019-01-09 04:42:10.919043 +00:00,1,1
32,046,Loop Traffic C/G,"",false,2019-01-09 04:42:10.881224 +00:00,2019-01-09 04:42:10.919043 +00:00,1,1
250,047,,"",,2019-01-09 04:42:10.881224 +00:00,2019-01-09 04:42:10.919043 +00:00,1,1
33,048,Lincoln Park Zoo C/G,"",false,2019-01-09 04:42:10.881224 +00:00,2019-01-09 04:42:10.919043 +00:00,1,1
34,049,Unknown,"",false,2019-01-09 04:42:10.881224 +00:00,2019-01-09 04:42:10.919043 +00:00,1,1
35,050,Airport Law Enforcement Section - North,"",true,2019-01-09 04:42:10.881224 +00:00,2019-01-09 04:42:10.919043 +00:00,1,1
36,051,Airport Law Enforcement Section - South,"",true,2019-01-09 04:42:10.881224 +00:00,2019-01-09 04:42:10.919043 +00:00,1,1
251,052,,"",,2019-01-09 04:42:10.881224 +00:00,2019-01-09 04:42:10.919043 +00:00,1,1
37,053,Kennedy Construction,"",false,2019-01-09 04:42:10.881224 +00:00,2019-01-09 04:42:10.919043 +00:00,1,1
252,054,,"",,2019-01-09 04:42:10.881224 +00:00,2019-01-09 04:42:10.919043 +00:00,1,1
38,055,Mounted Unit,"",true,2019-01-09 04:42:10.881224 +00:00,2019-01-09 04:42:10.919043 +00:00,1,1
253,056,,"",,2019-01-09 04:42:10.881224 +00:00,2019-01-09 04:42:10.919043 +00:00,1,1
40,057,Detail Unit,"",true,2019-01-09 04:42:10.881224 +00:00,2019-01-09 04:42:10.919043 +00:00,2,1
41,058,Spec Func Canine,"",false,2019-01-09 04:42:10.881224 +00:00,2019-01-09 04:42:10.919043 +00:00,1,1
42,059,Marine Operations Unit,"",true,2019-01-09 04:42:10.881224 +00:00,2019-01-09 04:42:10.919043 +00:00,1,1
43,060,Helicopter Operations Unit,"",true,2019-01-09 04:42:10.881224 +00:00,2019-01-09 04:42:10.919043 +00:00,1,1
44,061,Area 1 Pat Narc Prog,"",,2019-01-09 04:42:10.881224 +00:00,2019-01-09 04:42:10.919043 +00:00,1,1
45,062,Area 2 Pat Narc Prog,"",,2019-01-09 04:42:10.881224 +00:00,2019-01-09 04:42:10.919043 +00:00,1,1
46,063,Area 3 Pat Narc Prog,"",,2019-01-09 04:42:10.881224 +00:00,2019-01-09 04:42:10.919043 +00:00,1,1
254,064,,"",,2019-01-09 04:42:10.881224 +00:00,2019-01-09 04:42:10.919043 +00:00,1,1
47,065,Area 5 Pat Narc Prog,"",,2019-01-09 04:42:10.881224 +00:00,2019-01-09 04:42:10.919043 +00:00,1,1
48,066,Area 6 Pat Narc Prog,"",,2019-01-09 04:42:10.881224 +00:00,2019-01-09 04:42:10.919043 +00:00,1,1
49,071,Youth Division Area1,"",false,2019-01-09 04:42:10.881224 +00:00,2019-01-09 04:42:10.919043 +00:00,1,1
50,072,Youth Division Area2,"",false,2019-01-09 04:42:10.881224 +00:00,2019-01-09 04:42:10.919043 +00:00,1,1
51,073,Youth Division Area3,"",false,2019-01-09 04:42:10.881224 +00:00,2019-01-09 04:42:10.919043 +00:00,1,1
52,074,Youth Division Area4,"",false,2019-01-09 04:42:10.881224 +00:00,2019-01-09 04:42:10.919043 +00:00,1,1
53,075,Youth Division Area5,"",false,2019-01-09 04:42:10.881224 +00:00,2019-01-09 04:42:10.919043 +00:00,1,1
54,076,Youth Division Area6,"",,2019-01-09 04:42:10.881224 +00:00,2019-01-09 04:42:10.919043 +00:00,1,1
55,079,Special Investigations Unit,"",true,2019-01-09 04:42:10.881224 +00:00,2019-01-09 04:42:10.919043 +00:00,1,1
56,081,Oec-Director Office,"",false,2019-01-09 04:42:10.881224 +00:00,2019-01-09 04:42:10.919043 +00:00,1,1
57,082,Oec-Facility Serv,"",false,2019-01-09 04:42:10.881224 +00:00,2019-01-09 04:42:10.919043 +00:00,1,1
58,083,Oec-Cad Operations,"",false,2019-01-09 04:42:10.881224 +00:00,2019-01-09 04:42:10.919043 +00:00,1,1
59,084,Oec-Electronic Oper,"",false,2019-01-09 04:42:10.881224 +00:00,2019-01-09 04:42:10.919043 +00:00,1,1
60,085,Oec-Int Sercure Net,"",false,2019-01-09 04:42:10.881224 +00:00,2019-01-09 04:42:10.919043 +00:00,1,1
61,086,Oec-Police Dispatch,"",false,2019-01-09 04:42:10.881224 +00:00,2019-01-09 04:42:10.919043 +00:00,1,1
62,087,Oec-Fire Dispatch,"",false,2019-01-09 04:42:10.881224 +00:00,2019-01-09 04:42:10.919043 +00:00,1,1
63,088,Alternate Response,"",false,2019-01-09 04:42:10.881224 +00:00,2019-01-09 04:42:10.919043 +00:00,1,1
64,091,Narc Special Enforce,"",false,2019-01-09 04:42:10.881224 +00:00,2019-01-09 04:42:10.919043 +00:00,1,1
65,092,Narc General Enforce,"",false,2019-01-09 04:42:10.881224 +00:00,2019-01-09 04:42:10.919043 +00:00,1,1
255,093,,"",,2019-01-09 04:42:10.881224 +00:00,2019-01-09 04:42:10.919043 +00:00,1,1
256,095,,"",,2019-01-09 04:42:10.881224 +00:00,2019-01-09 04:42:10.919043 +00:00,1,1
66,100,Public Building Comm,"",false,2019-01-09 04:42:10.881224 +00:00,2019-01-09 04:42:10.919043 +00:00,1,1
67,101,Police Board,"",true,2019-01-09 04:42:10.881224 +00:00,2019-01-09 04:42:10.919043 +00:00,1,1
68,102,Office Of News Affairs,"",true,2019-01-09 04:42:10.881224 +00:00,2019-01-09 04:42:10.919043 +00:00,1,1
69,111,Office Of The Superintendent,"",true,2019-01-09 04:42:10.881224 +00:00,2019-01-09 04:42:10.919043 +00:00,1,1
70,112,Bureau Of Professional Standards,"",false,2019-01-09 04:42:10.881224 +00:00,2019-01-09 04:42:10.919043 +00:00,1,1
71,113,Independent Police Review Authority (Ipra),"",true,2019-01-09 04:42:10.881224 +00:00,2019-01-09 04:42:10.919043 +00:00,1,1
72,114,Legal Affairs Section,"",true,2019-01-09 04:42:10.881224 +00:00,2019-01-09 04:42:10.919043 +00:00,1,1
74,115,Crime Control Strategies Section,"",true,2019-01-09 04:42:10.881224 +00:00,2019-01-09 04:42:10.919043 +00:00,2,1
75,116,Deployment Operations Center,"",true,2019-01-09 04:42:10.881224 +00:00,2019-01-09 04:42:10.919043 +00:00,1,1
76,117,Office Of Assistant Supt. Administration,"",false,2019-01-09 04:42:10.881224 +00:00,2019-01-09 04:42:10.919043 +00:00,1,1
77,118,Chaplains Section,"",true,2019-01-09 04:42:10.881224 +00:00,2019-01-09 04:42:10.919043 +00:00,1,1
78,119,Office Of International Relations,"",false,2019-01-09 04:42:10.881224 +00:00,2019-01-09 04:42:10.919043 +00:00,1,1
79,120,Bureau Of Support Services,"",true,2019-01-09 04:42:10.881224 +00:00,2019-01-09 04:42:10.919043 +00:00,1,1
80,121,Bureau Of Internal Affairs,"",true,2019-01-09 04:42:10.881224 +00:00,2019-01-09 04:42:10.919043 +00:00,1,1
81,122,Finance Division,"",true,2019-01-09 04:42:10.881224 +00:00,2019-01-09 04:42:10.919043 +00:00,1,1
82,123,Human Resources Division,"",true,2019-01-09 04:42:10.881224 +00:00,2019-01-09 04:42:10.919043 +00:00,1,1
83,124,Education And Training Division,"",true,2019-01-09 04:42:10.881224 +00:00,2019-01-09 04:42:10.919043 +00:00,1,1
84,125,Information Services Division,"",true,2019-01-09 04:42:10.881224 +00:00,2019-01-09 04:42:10.919043 +00:00,1,1
85,126,Inspection Division,"",true,2019-01-09 04:42:10.881224 +00:00,2019-01-09 04:42:10.919043 +00:00,1,1
86,127,Research And Development Division,"",true,2019-01-09 04:42:10.881224 +00:00,2019-01-09 04:42:10.919043 +00:00,1,1
87,128,Professional Counseling Division,"",true,2019-01-09 04:42:10.881224 +00:00,2019-01-09 04:42:10.919043 +00:00,1,1
88,129,Management And Labor Affairs Section,"",true,2019-01-09 04:42:10.881224 +00:00,2019-01-09 04:42:10.919043 +00:00,1,1
90,130,Technology And Records Group,"",true,2019-01-09 04:42:10.881224 +00:00,2019-01-09 04:42:10.919043 +00:00,3,1
92,131,Domestic Violence Office,"",false,2019-01-09 04:42:10.881224 +00:00,2019-01-09 04:42:10.919043 +00:00,1,1
93,132,Preven & Neigh Div,"",false,2019-01-09 04:42:10.881224 +00:00,2019-01-09 04:42:10.919043 +00:00,1,1
94,133,Information And Strategic Services,"",true,2019-01-09 04:42:10.881224 +00:00,2019-01-09 04:42:10.919043 +00:00,1,1
95,134,Field Technology Training Unit,"",false,2019-01-09 04:42:10.881224 +00:00,2019-01-09 04:42:10.919043 +00:00,1,1
96,135,Chicago Alternative Policing Strategy (Caps) Division,"",true,2019-01-09 04:42:10.881224 +00:00,2019-01-09 04:42:10.919043 +00:00,2,2
99,136,Special Events Unit,"",true,2019-01-09 04:42:10.881224 +00:00,2019-01-09 04:42:10.919043 +00:00,2,1
100,137,Office Of Compliance,"",false,2019-01-09 04:42:10.881224 +00:00,2019-01-09 04:42:10.919043 +00:00,1,1
102,138,Field Monitoring Unit,"",false,2019-01-09 04:42:10.881224 +00:00,2019-01-09 04:42:10.919043 +00:00,2,1
103,139,Asst Superintendent-Law Enforcement Operations,"",false,2019-01-09 04:42:10.881224 +00:00,2019-01-09 04:42:10.919043 +00:00,2,1
105,140,Office Of The First Deputy Superintendent,"",true,2019-01-09 04:42:10.881224 +00:00,2019-01-09 04:42:10.919043 +00:00,1,1
106,141,Special Functions Division,"",true,2019-01-09 04:42:10.881224 +00:00,2019-01-09 04:42:10.919043 +00:00,1,1
107,142,Bureau Of Patrol,"",true,2019-01-09 04:42:10.881224 +00:00,2019-01-09 04:42:10.919043 +00:00,1,1
109,143,District Law,"",false,2019-01-09 04:42:10.881224 +00:00,2019-01-09 04:42:10.919043 +00:00,2,1
110,144,Court Section,"",false,2019-01-09 04:42:10.881224 +00:00,2019-01-09 04:42:10.919043 +00:00,2,1
112,145,Traffic Section,"",true,2019-01-09 04:42:10.881224 +00:00,2019-01-09 04:42:10.919043 +00:00,1,1
113,146,Canine Unit,"",false,2019-01-09 04:42:10.881224 +00:00,2019-01-09 04:42:10.919043 +00:00,1,1
114,147,Senior Citizen Services,"",false,2019-01-09 04:42:10.881224 +00:00,2019-01-09 04:42:10.919043 +00:00,1,1
115,148,Traffic Court Unit,"",true,2019-01-09 04:42:10.881224 +00:00,2019-01-09 04:42:10.919043 +00:00,1,1
116,149,Midway Airport Security,"",,2019-01-09 04:42:10.881224 +00:00,2019-01-09 04:42:10.919043 +00:00,1,1
265,150,,"",,2021-01-06 01:46:53.994433 +00:00,2021-01-06 01:46:53.994433 +00:00,1,1
117,151,Traffic Enforcement,"",false,2019-01-09 04:42:10.881224 +00:00,2019-01-09 04:42:10.919043 +00:00,1,1
118,152,Loop Traffic Unit,"",false,2019-01-09 04:42:10.881224 +00:00,2019-01-09 04:42:10.919043 +00:00,1,1
119,153,Special Functions Support Unit,"",true,2019-01-09 04:42:10.881224 +00:00,2019-01-09 04:42:10.919043 +00:00,2,1
121,154,Traffic Safety And Training,"",false,2019-01-09 04:42:10.881224 +00:00,2019-01-09 04:42:10.919043 +00:00,1,1
122,156,Gang Crime Section,"",false,2019-01-09 04:42:10.881224 +00:00,2019-01-09 04:42:10.919043 +00:00,1,1
123,157,Pub Housing Div Adm,"",false,2019-01-09 04:42:10.881224 +00:00,2019-01-09 04:42:10.919043 +00:00,1,1
124,159,Gun Registration,"",false,2019-01-09 04:42:10.881224 +00:00,2019-01-09 04:42:10.919043 +00:00,1,1
125,160,Facilities Management,"",false,2019-01-09 04:42:10.881224 +00:00,2019-01-09 04:42:10.919043 +00:00,1,1
126,161,General Support Division,"",true,2019-01-09 04:42:10.881224 +00:00,2019-01-09 04:42:10.919043 +00:00,1,1
127,162,Records Division,"",true,2019-01-09 04:42:10.881224 +00:00,2019-01-09 04:42:10.919043 +00:00,1,1
128,163,Records Inquiry Section,"",true,2019-01-09 04:42:10.881224 +00:00,2019-01-09 04:42:10.919043 +00:00,1,1
129,164,Records Processing Section,"",false,2019-01-09 04:42:10.881224 +00:00,2019-01-09 04:42:10.919043 +00:00,1,1
130,165,Field Inquiry Section,"",false,2019-01-09 04:42:10.881224 +00:00,2019-01-09 04:42:10.919043 +00:00,1,1
131,166,Field Services Section,"",true,2019-01-09 04:42:10.881224 +00:00,2019-01-09 04:42:10.919043 +00:00,1,1
132,167,Evidence And Recovered Property Section,"",true,2019-01-09 04:42:10.881224 +00:00,2019-01-09 04:42:10.919043 +00:00,1,1
133,168,Auto Pound Section,"",true,2019-01-09 04:42:10.881224 +00:00,2019-01-09 04:42:10.919043 +00:00,1,1
134,169,Police Documents Section,"",true,2019-01-09 04:42:10.881224 +00:00,2019-01-09 04:42:10.919043 +00:00,1,1
135,170,Ct & Id Administration,"",false,2019-01-09 04:42:10.881224 +00:00,2019-01-09 04:42:10.919043 +00:00,1,1
136,171,Central Detention Unit,"",true,2019-01-09 04:42:10.881224 +00:00,2019-01-09 04:42:10.919043 +00:00,1,1
137,172,Equipment And Supply Section,"",true,2019-01-09 04:42:10.881224 +00:00,2019-01-09 04:42:10.919043 +00:00,1,1
138,173,Fleet Liaison Section,"",true,2019-01-09 04:42:10.881224 +00:00,2019-01-09 04:42:10.919043 +00:00,1,1
139,174,Electric And Motor Maintenance,"",false,2019-01-09 04:42:10.881224 +00:00,2019-01-09 04:42:10.919043 +00:00,1,1
140,175,Telecommunications Unit,"",false,2019-01-09 04:42:10.881224 +00:00,2019-01-09 04:42:10.919043 +00:00,1,1
141,176,Communication Operations Unit,"",false,2019-01-09 04:42:10.881224 +00:00,2019-01-09 04:42:10.919043 +00:00,1,1
142,177,Forensic Services Division,"",true,2019-01-09 04:42:10.881224 +00:00,2019-01-09 04:42:10.919043 +00:00,1,1
143,178,Facilities Management Division,"",true,2019-01-09 04:42:10.881224 +00:00,2019-01-09 04:42:10.919043 +00:00,1,1
144,179,Reproduction And Graphic Arts Section,"",true,2019-01-09 04:42:10.881224 +00:00,2019-01-09 04:42:10.919043 +00:00,1,1
145,180,Bureau Of  Detectives,"",true,2019-01-09 04:42:10.881224 +00:00,2019-01-09 04:42:10.919043 +00:00,1,1
266,181,Bureau Of Detectives - Investigative Response Team,"",,2021-01-06 01:46:53.994433 +00:00,2021-01-06 01:46:53.994433 +00:00,1,1
146,184,Youth Investigation Division,"",true,2019-01-09 04:42:10.881224 +00:00,2019-01-09 04:42:10.919043 +00:00,1,1
257,185,,"",,2019-01-09 04:42:10.881224 +00:00,2019-01-09 04:42:10.919043 +00:00,1,1
147,187,Criminal Registration Unit,"",true,2019-01-09 04:42:10.881224 +00:00,2019-01-09 04:42:10.919043 +00:00,1,1
148,188,Bureau Of Organized Crime,"",true,2019-01-09 04:42:10.881224 +00:00,2019-01-09 04:42:10.919043 +00:00,1,1
149,189,Narcotics Division,"",true,2019-01-09 04:42:10.881224 +00:00,2019-01-09 04:42:10.919043 +00:00,1,1
150,190,Homan Square Arrest Processing,"",true,2019-01-09 04:42:10.881224 +00:00,2019-01-09 04:42:10.919043 +00:00,1,1
151,191,Intelligence Section,"",true,2019-01-09 04:42:10.881224 +00:00,2019-01-09 04:42:10.919043 +00:00,1,1
152,192,Vice & Asset Forfeiture Division,"",true,2019-01-09 04:42:10.881224 +00:00,2019-01-09 04:42:10.919043 +00:00,1,1
153,193,Gang Investigation Division,"",true,2019-01-09 04:42:10.881224 +00:00,2019-01-09 04:42:10.919043 +00:00,1,1
258,194,,"",,2019-01-09 04:42:10.881224 +00:00,2019-01-09 04:42:10.919043 +00:00,1,1
154,195,Management And Accountability,"",false,2019-01-09 04:42:10.881224 +00:00,2019-01-09 04:42:10.919043 +00:00,1,1
155,196,Asset Forfeiture Investigation Section,"",true,2019-01-09 04:42:10.881224 +00:00,2019-01-09 04:42:10.919043 +00:00,1,1
156,211,Bureau Of Patrol - Area Central,"",true,2019-01-09 04:42:10.881224 +00:00,2019-01-09 04:42:10.919043 +00:00,1,1
157,212,Bureau Of Patrol - Area South,"",true,2019-01-09 04:42:10.881224 +00:00,2019-01-09 04:42:10.919043 +00:00,1,1
158,213,Bureau Of Patrol - Area North,"",true,2019-01-09 04:42:10.881224 +00:00,2019-01-09 04:42:10.919043 +00:00,1,1
160,214,Freedom Of Information Section,"",true,2019-01-09 04:42:10.881224 +00:00,2019-01-09 04:42:10.919043 +00:00,2,1
161,215,Deputy Chief Area 5,"",false,2019-01-09 04:42:10.881224 +00:00,2019-01-09 04:42:10.919043 +00:00,1,1
162,216,Deputy Chief Central Control Group,"",false,2019-01-09 04:42:10.881224 +00:00,2019-01-09 04:42:10.919043 +00:00,1,1
163,222,Timekeeping Unit - Headquarters,"",true,2019-01-09 04:42:10.881224 +00:00,2019-01-09 04:42:10.919043 +00:00,1,1
164,231,Medical Section,"",true,2019-01-09 04:42:10.881224 +00:00,2019-01-09 04:42:10.919043 +00:00,1,1
165,241,Troubled Building Unit,"",true,2019-01-09 04:42:10.881224 +00:00,2019-01-09 04:42:10.919043 +00:00,1,1
166,242,Fleet Section,"",true,2019-01-09 04:42:10.881224 +00:00,2019-01-09 04:42:10.919043 +00:00,1,1
167,251,Crime Lab Fed Grant,"",false,2019-01-09 04:42:10.881224 +00:00,2019-01-09 04:42:10.919043 +00:00,1,1
168,253,Targeted Response Unit,"",false,2019-01-09 04:42:10.881224 +00:00,2019-01-09 04:42:10.919043 +00:00,1,1
169,261,Court Section,"",true,2019-01-09 04:42:10.881224 +00:00,2019-01-09 04:42:10.919043 +00:00,1,1
243,263,Juvenile Court Unit,"",,2019-01-09 04:42:10.881224 +00:00,2019-01-09 04:42:10.919043 +00:00,1,1
259,271,,"",,2019-01-09 04:42:10.881224 +00:00,2019-01-09 04:42:10.919043 +00:00,1,1
260,272,,"",,2019-01-09 04:42:10.881224 +00:00,2019-01-09 04:42:10.919043 +00:00,1,1
261,273,,"",,2019-01-09 04:42:10.881224 +00:00,2019-01-09 04:42:10.919043 +00:00,1,1
262,274,,"",,2019-01-09 04:42:10.881224 +00:00,2019-01-09 04:42:10.919043 +00:00,1,1
263,275,,"",,2019-01-09 04:42:10.881224 +00:00,2019-01-09 04:42:10.919043 +00:00,1,1
170,276,Oemc - Detail Section,"",true,2019-01-09 04:42:10.881224 +00:00,2019-01-09 04:42:10.919043 +00:00,1,1
171,277,Forensic Services Evidence Technician Section,"",true,2019-01-09 04:42:10.881224 +00:00,2019-01-09 04:42:10.919043 +00:00,1,1
172,284,Admin School Securit,"",false,2019-01-09 04:42:10.881224 +00:00,2019-01-09 04:42:10.919043 +00:00,1,1
173,311,Gang Enforcement - Area Central,"",true,2019-01-09 04:42:10.881224 +00:00,2019-01-09 04:42:10.919043 +00:00,1,1
174,312,Gang Enforcement - Area South,"",true,2019-01-09 04:42:10.881224 +00:00,2019-01-09 04:42:10.919043 +00:00,1,1
175,313,Gang Enforcement - Area North,"",true,2019-01-09 04:42:10.881224 +00:00,2019-01-09 04:42:10.919043 +00:00,1,1
176,314,Gang Section - Area 4,"",false,2019-01-09 04:42:10.881224 +00:00,2019-01-09 04:42:10.919043 +00:00,1,1
177,315,Gang Section - Area 5,"",false,2019-01-09 04:42:10.881224 +00:00,2019-01-09 04:42:10.919043 +00:00,1,1
178,341,Canine Unit,"",true,2019-01-09 04:42:10.881224 +00:00,2019-01-09 04:42:10.919043 +00:00,1,1
179,353,Special Weapons And Tactics (Swat) Unit,"",true,2019-01-09 04:42:10.881224 +00:00,2019-01-09 04:42:10.919043 +00:00,1,1
180,376,Alternate Response Section,"",true,2019-01-09 04:42:10.881224 +00:00,2019-01-09 04:42:10.919043 +00:00,1,1
181,377,Forensic Services Unit - Et North,"",false,2019-01-09 04:42:10.881224 +00:00,2019-01-09 04:42:10.919043 +00:00,1,1
182,384,Juvenile Intervention Support Center (Jisc),"",true,2019-01-09 04:42:10.881224 +00:00,2019-01-09 04:42:10.919043 +00:00,1,1
183,393,Gang Enforcement Division,"",true,2019-01-09 04:42:10.881224 +00:00,2019-01-09 04:42:10.919043 +00:00,1,1
184,411,Area Central Deputy Chief - Bureau Of Patrol,"",true,2019-01-09 04:42:10.881224 +00:00,2019-01-09 04:42:10.919043 +00:00,1,1
185,412,Area South Deputy Chief - Bureau Of Patrol,"",true,2019-01-09 04:42:10.881224 +00:00,2019-01-09 04:42:10.919043 +00:00,1,1
186,413,Area North Deputy Chief - Bureau Of Patrol,"",true,2019-01-09 04:42:10.881224 +00:00,2019-01-09 04:42:10.919043 +00:00,1,1
187,427,Domestic Viol Advoc,"",false,2019-01-09 04:42:10.881224 +00:00,2019-01-09 04:42:10.919043 +00:00,1,1
188,441,Special Activities Section,"",true,2019-01-09 04:42:10.881224 +00:00,2019-01-09 04:42:10.919043 +00:00,1,1
189,442,Bomb Squad,"",true,2019-01-09 04:42:10.881224 +00:00,2019-01-09 04:42:10.919043 +00:00,1,1
190,443,Bomb Unit - O'Hare Airport,"",false,2019-01-09 04:42:10.881224 +00:00,2019-01-09 04:42:10.919043 +00:00,1,1
191,477,Forensic Services Unit - Et South,"",false,2019-01-09 04:42:10.881224 +00:00,2019-01-09 04:42:10.919043 +00:00,1,1
192,541,Fop Detail,"",true,2019-01-09 04:42:10.881224 +00:00,2019-01-09 04:42:10.919043 +00:00,1,1
193,542,Detached Services - Goverment Security,"",true,2019-01-09 04:42:10.881224 +00:00,2019-01-09 04:42:10.919043 +00:00,1,1
194,543,Detached Services - Miscellaneous Detail,"",true,2019-01-09 04:42:10.881224 +00:00,2019-01-09 04:42:10.919043 +00:00,1,1
195,544,Chg Ptl Credit Union,"",false,2019-01-09 04:42:10.881224 +00:00,2019-01-09 04:42:10.919043 +00:00,1,1
244,545,Pbpa Sergeant,"",,2019-01-09 04:42:10.881224 +00:00,2019-01-09 04:42:10.919043 +00:00,1,1
196,547,Chicago Police Memorial Foundation,"",true,2019-01-09 04:42:10.881224 +00:00,2019-01-09 04:42:10.919043 +00:00,1,1
197,549,Inspector General Detail Unit,"",true,2019-01-09 04:42:10.881224 +00:00,2019-01-09 04:42:10.919043 +00:00,1,1
198,601,Det Div Admin.,"",false,2019-01-09 04:42:10.881224 +00:00,2019-01-09 04:42:10.919043 +00:00,1,1
199,602,Central Auto Theft,"",false,2019-01-09 04:42:10.881224 +00:00,2019-01-09 04:42:10.919043 +00:00,1,1
200,603,Arson Section,"",true,2019-01-09 04:42:10.881224 +00:00,2019-01-09 04:42:10.919043 +00:00,2,1
202,604,Bomb And Arson Section - O'Hare Airport,"",false,2019-01-09 04:42:10.881224 +00:00,2019-01-09 04:42:10.919043 +00:00,1,1
203,605,Fbi Violent Crimes Task Force,"",false,2019-01-09 04:42:10.881224 +00:00,2019-01-09 04:42:10.919043 +00:00,1,1
204,606,Central Investigations Division,"",true,2019-01-09 04:42:10.881224 +00:00,2019-01-09 04:42:10.919043 +00:00,1,1
205,607,Cold Case Unit,"",false,2019-01-09 04:42:10.881224 +00:00,2019-01-09 04:42:10.919043 +00:00,1,1
206,608,Major Accident Investigation Unit,"",true,2019-01-09 04:42:10.881224 +00:00,2019-01-09 04:42:10.919043 +00:00,1,1
207,609,Financial Crimes Investigation Unit,"",false,2019-01-09 04:42:10.881224 +00:00,2019-01-09 04:42:10.919043 +00:00,1,1
208,610,Detective Area - Central,"",true,2019-01-09 04:42:10.881224 +00:00,2019-01-09 04:42:10.919043 +00:00,1,1
209,611,Predictive Analytics Group,"",false,2019-01-09 04:42:10.881224 +00:00,2019-01-09 04:42:10.919043 +00:00,2,1
211,612,Violent Crimes Dda 1,"",false,2019-01-09 04:42:10.881224 +00:00,2019-01-09 04:42:10.919043 +00:00,1,1
212,620,Detective Area - South,"",true,2019-01-09 04:42:10.881224 +00:00,2019-01-09 04:42:10.919043 +00:00,1,1
213,621,Prop Crimes Dda 2,"",false,2019-01-09 04:42:10.881224 +00:00,2019-01-09 04:42:10.919043 +00:00,1,1
214,622,Violent Crimes Dda 2,"",false,2019-01-09 04:42:10.881224 +00:00,2019-01-09 04:42:10.919043 +00:00,1,1
215,630,Detective Area - North,"",true,2019-01-09 04:42:10.881224 +00:00,2019-01-09 04:42:10.919043 +00:00,1,1
216,631,Prop Crimes Dda 3,"",false,2019-01-09 04:42:10.881224 +00:00,2019-01-09 04:42:10.919043 +00:00,1,1
217,632,Violent Crimes Dda 3,"",false,2019-01-09 04:42:10.881224 +00:00,2019-01-09 04:42:10.919043 +00:00,1,1
218,640,Detective Section - Area 4,"",false,2019-01-09 04:42:10.881224 +00:00,2019-01-09 04:42:10.919043 +00:00,1,1
219,641,Prop Crimes Dda 4,"",false,2019-01-09 04:42:10.881224 +00:00,2019-01-09 04:42:10.919043 +00:00,1,1
220,642,Violent Crimes Dda 4,"",false,2019-01-09 04:42:10.881224 +00:00,2019-01-09 04:42:10.919043 +00:00,1,1
221,650,Detective Section - Area 5,"",false,2019-01-09 04:42:10.881224 +00:00,2019-01-09 04:42:10.919043 +00:00,1,1
222,651,Prop Crimes Dda 5,"",false,2019-01-09 04:42:10.881224 +00:00,2019-01-09 04:42:10.919043 +00:00,1,1
223,652,Violent Crime Dda 5,"",false,2019-01-09 04:42:10.881224 +00:00,2019-01-09 04:42:10.919043 +00:00,1,1
224,660,Unknown,"",false,2019-01-09 04:42:10.881224 +00:00,2019-01-09 04:42:10.919043 +00:00,1,1
264,661,,"",,2019-01-09 04:42:10.881224 +00:00,2019-01-09 04:42:10.919043 +00:00,1,1
225,701,Public Transportation Section,"",true,2019-01-09 04:42:10.881224 +00:00,2019-01-09 04:42:10.919043 +00:00,1,1
226,702,Cta Security Unit,"",true,2019-01-09 04:42:10.881224 +00:00,2019-01-09 04:42:10.919043 +00:00,1,1
227,703,Summer Mobile Force,"",false,2019-01-09 04:42:10.881224 +00:00,2019-01-09 04:42:10.919043 +00:00,1,1
228,704,Transit Security Unit,"",true,2019-01-09 04:42:10.881224 +00:00,2019-01-09 04:42:10.919043 +00:00,1,1
229,710,G/C Unit South,"",false,2019-01-09 04:42:10.881224 +00:00,2019-01-09 04:42:10.919043 +00:00,1,1
230,711,Violence Reduction Initiative North,"",true,2019-01-09 04:42:10.881224 +00:00,2019-01-09 04:42:10.919043 +00:00,1,1
231,712,Violence Reduction Initiative South,"",,2019-01-09 04:42:10.881224 +00:00,2019-01-09 04:42:10.919043 +00:00,1,1
267,714,Summer Mobile Patrol,"",,2021-01-06 01:46:53.994433 +00:00,2021-01-06 01:46:53.994433 +00:00,1,1
232,715,Public Housing South,"",false,2019-01-09 04:42:10.881224 +00:00,2019-01-09 04:42:10.919043 +00:00,1,1
233,716,Cha Community Policing - South,"",false,2019-01-09 04:42:10.881224 +00:00,2019-01-09 04:42:10.919043 +00:00,1,1
245,720,,"",,2019-01-09 04:42:10.881224 +00:00,2019-01-09 04:42:10.919043 +00:00,1,1
268,721,Force Review Unit,"",,2021-01-06 01:46:53.994433 +00:00,2021-01-06 01:46:53.994433 +00:00,1,1
234,740,G/C Unit West,"",false,2019-01-09 04:42:10.881224 +00:00,2019-01-09 04:42:10.919043 +00:00,1,1
235,760,G/C Unit North,"",false,2019-01-09 04:42:10.881224 +00:00,2019-01-09 04:42:10.919043 +00:00,1,1
236,765,Public Housing North,"",false,2019-01-09 04:42:10.881224 +00:00,2019-01-09 04:42:10.919043 +00:00,1,1
237,766,Cha Community Policing - North,"",false,2019-01-09 04:42:10.881224 +00:00,2019-01-09 04:42:10.919043 +00:00,1,1
269,800,Finance Committee,"",,2021-01-06 01:46:53.994433 +00:00,2021-01-06 01:46:53.994433 +00:00,1,1
270,801,Cook County State's Attorney Investigations,"",,2021-01-06 01:46:53.994433 +00:00,2021-01-06 01:46:53.994433 +00:00,1,1
271,802,Administration,"",,2021-01-06 01:46:53.994433 +00:00,2021-01-06 01:46:53.994433 +00:00,1,1
272,803,Fleet Management,"",,2021-01-06 01:46:53.994433 +00:00,2021-01-06 01:46:53.994433 +00:00,1,1
238,911,Unknown,"",false,2019-01-09 04:42:10.881224 +00:00,2019-01-09 04:42:10.919043 +00:00,1,1
239,912,Unknown,"",false,2019-01-09 04:42:10.881224 +00:00,2019-01-09 04:42:10.919043 +00:00,1,1
240,932,Patrol Area 2,"",false,2019-01-09 04:42:10.881224 +00:00,2019-01-09 04:42:10.919043 +00:00,1,1
241,944,Cops Grant Recr Trng,"",false,2019-01-09 04:42:10.881224 +00:00,2019-01-09 04:42:10.919043 +00:00,1,1
242,990,Maint Only Omi,"",false,2019-01-09 04:42:10.881224 +00:00,2019-01-09 04:42:10.919043 +00:00,1,1
